id,country_code,country,city,ip,host,port,supplier
7429,TW,Taiwan,Taipei,106.105.105.66,speedtest1.taipeinet.com.tw.prod.hosts.ooklaserver.net,8080,Taipeinet
8968,TW,Taiwan,Kaohsiung,219.69.127.3,ks-speedtest.homeplus.net.tw,8080,Homeplus
11702,TW,Taiwan,Taoyuan,60.199.147.65,sptty1.taiwanmobile.com.prod.hosts.ooklaserver.net,8080,Taiwan Mobile
11703,TW,Taiwan,Taipei,60.199.147.177,spttp1.taiwanmobile.com.prod.hosts.ooklaserver.net,8080,Taiwan Mobile
11705,TW,Taiwan,Hsinchu,60.199.147.81,spthc1.taiwanmobile.com.prod.hosts.ooklaserver.net,8080,Taiwan Mobile
11707,TW,Taiwan,Taichung,203.105.239.14,spttc2.taiwanmobile.com.prod.hosts.ooklaserver.net,8080,Taiwan Mobile
11708,TW,Taiwan,Hualien,60.199.137.33,spthl1.taiwanmobile.com.prod.hosts.ooklaserver.net,8080,Taiwan Mobile
11709,TW,Taiwan,Changhua,203.105.239.18,sptch2.taiwanmobile.com.prod.hosts.ooklaserver.net,8080,Taiwan Mobile
11711,TW,Taiwan,Tainan,203.105.224.18,spttn2.taiwanmobile.com.prod.hosts.ooklaserver.net,8080,Taiwan Mobile
11713,TW,Taiwan,Kaohsiung,203.105.224.22,sptkh2.taiwanmobile.com.prod.hosts.ooklaserver.net,8080,Taiwan Mobile
12000,TW,Taiwan,Taichung,123.240.255.26,custom.tbcnet.net.tw.prod.hosts.ooklaserver.net,8080,TBC
12583,TW,Taiwan,New Taipei,60.199.137.193,sb-speedtest-1.twmbroadband.net.prod.hosts.ooklaserver.net,8080,TFN Media
13506,TW,Taiwan,Taipei,103.31.196.221,speedtest.taifo.com.tw.prod.hosts.ooklaserver.net,8080,TAIFO Taiwan
18445,TW,Taiwan,Taipei,111.71.227.33,tp1.chtm.hinet.net.prod.hosts.ooklaserver.net,8080,Chunghwa Mobile
18447,TW,Taiwan,New Taipei,111.71.227.41,ntp1.chtm.hinet.net,8080,Chunghwa Mobile
18450,TW,Taiwan,Hsinchu,111.71.228.41,hc1.chtm.hinet.net,8080,Chunghwa Mobile
18452,TW,Taiwan,Taoyuan,111.71.228.33,ty1.chtm.hinet.net,8080,Chunghwa Mobile
18456,TW,Taiwan,Taichung,111.71.229.33,tc1.chtm.hinet.net,8080,Chunghwa Mobile
18458,TW,Taiwan,Kaohsiung,111.71.230.33,kh1.chtm.hinet.net,8080,Chunghwa Mobile
18475,TW,Taiwan,Keelung,210.61.132.22,klv3-1.speedtest.idv.tw,8080,Chief Telecom
18478,TW,Taiwan,Douliu,210.61.132.30,dlv3-1.speedtest.idv.tw,8080,Chief Telecom
18480,TW,Taiwan,Taitung,210.61.132.38,ttv3-1.speedtest.idv.tw,8080,Chief Telecom
18607,TW,Taiwan,Tainan,111.71.230.41,tn1.chtm.hinet.net,8080,Chunghwa Mobile
18611,TW,Taiwan,Changhua,111.71.229.41,ch1.chtm.hinet.net,8080,Chunghwa Mobile
24377,TW,Taiwan,Tainan,115.43.192.133,tn-speedtest.homeplus.net.tw,8080,Homeplus
24429,TW,Taiwan,Taipei,115.43.115.15,tp-speedtest.homeplus.net.tw,8080,Homeplus
24460,TW,Taiwan,New Taipei,115.43.128.130,ntp-speedtest.homeplus.net.tw,8080,Homeplus
24461,TW,Taiwan,Banqiao,219.68.164.18,sky-speedtest.homeplus.net.tw,8080,Homeplus
29106,TW,Taiwan,New Taipei,210.201.72.74,srv5.speedtest.aptg.com.tw.prod.hosts.ooklaserver.net,8080,Asia Pacific Telecom
29107,TW,Taiwan,Taoyuan,210.201.72.16,srv6.speedtest.aptg.com.tw.prod.hosts.ooklaserver.net,8080,Asia Pacific Telecom
29253,TW,Taiwan,Kaohsiung Lingya,203.187.94.4,gd-speedtest.homeplus.net.tw,8080,Homeplus
29283,TW,Taiwan,Shulin District,203.187.90.4,gh-speedtest.homeplus.net.tw,8080,Homeplus
29284,TW,Taiwan,Tainan South District,203.187.93.4,sc-speedtest.homeplus.net.tw,8080,Homeplus
29288,TW,Taiwan,Daan District,203.187.82.4,wd-speedtest.homeplus.net.tw,8080,Homeplus
29862,TW,Taiwan,Taichung,203.217.97.225,speedtest.vee.com.tw.prod.hosts.ooklaserver.net,8080,VeeTIME Corp
31940,TW,Brazil,Formosa,45.186.64.9,speed.powerconnect.net.br,8080,Power Connect
32319,TW,Taiwan,Tainan,120.116.1.43,tnookla.tn.edu.tw,8080,TNIC
36071,TW,Taiwan,Taipei,103.246.219.98,speedtest.imcloud.tw.prod.hosts.ooklaserver.net,8080,"Sky Digital Co., Ltd"
36122,TW,Taiwan,Tainan,123.205.190.221,speedtestookla.hya.tw.prod.hosts.ooklaserver.net,8080,HYA
40742,TW,Argentina,Formosa,45.175.140.18,speedtest.bocarojasa.com.ar.prod.hosts.ooklaserver.net,8080,Boca Roja SA
41191,TW,Taiwan,Chiayi,203.105.224.14,sptcy2.taiwanmobile.com.prod.hosts.ooklaserver.net,8080,Taiwan Mobile
42192,TW,Taiwan,New Taipei,103.129.168.8,speedtest.host.com.tw.prod.hosts.ooklaserver.net,8080,Yuan-Jhen Info
43206,TW,Taiwan,New Taipei,61.216.9.49,askeycsit.dyndns-ip.com.prod.hosts.ooklaserver.net,8080,AKENR
47427,TW,Brazil,Formosa,177.73.88.4,speedtest.netviatelecom.com.br.prod.hosts.ooklaserver.net,8080,Netvia
55261,TW,Taiwan,Taichung,61.60.226.2,speedtest.tinp.net.tw,8080,Tinp
56277,TW,Taiwan,Miaoli City,203.105.239.22,sptdl2.taiwanmobile.com.prod.hosts.ooklaserver.net,8080,Taiwan Mobile
59180,TW,Taiwan,Taipei City,103.186.118.247,ookla-speedtest.starverse.network.prod.hosts.ooklaserver.net,8080,Starverse Network
59321,TW,Brazil,Formosa,177.67.136.88,sp1.nexotelecom.net.prod.hosts.ooklaserver.net,8080,NEXO TELECOM
59395,TW,Brazil,Formosa,131.0.56.5,velocimetro-plt.lvnetwork.com.br,8080,Plug Fibra
61136,TW,Taiwan,Taipei,103.127.218.249,tpe.speedtest.pni.tw.prod.hosts.ooklaserver.net,8080,"Pittqiao Network Information Co.,Ltd."
61560,TW,Taiwan,Taichung,103.127.218.248,tcg.speedtest.pni.tw.prod.hosts.ooklaserver.net,8080,"Pittqiao Network Information Co.,Ltd."
64034,TW,Argentina,Formosa,45.188.160.232,speedtest.cvcformosa.com.ar.prod.hosts.ooklaserver.net,8080,CR s.r.l - CVC Formosa
64385,TW,Taiwan,Taipei,198.176.51.254,tpe01.speedtest.rfchost.com.prod.hosts.ooklaserver.net,8080,"Jinx Co., Limited"
65092,TW,Taiwan,Taipei,206.148.22.75,tpe.speedtest.gslnetworks.com.prod.hosts.ooklaserver.net,8080,GSL Networks
